Species,Sensitive BLM,Sensitive USFS,ESA Status,G Rank,S Rank,EO Track Status,Work Date,Accession Date,Number of Seeds Collected,Number of Plants Collected From,NCGRP_download_count,NCGRP-Collected,Total,Date Received at NCGRP,Number of Seeds in Germination,Number of Seeds in Lab Storage
Abronia ammophila,,,,,,,8/8/2005,  ,0,  ,139,139,139,11/28/2005,  ,  
Abronia ammophila,,,,,,,8/8/2005,  ,0,  ,439,439,439,11/28/2005,  ,  
Abronia ammophila,,,,,,,8/8/2005,  ,0,  ,1085,1085,1085,11/28/2005,  ,  
Abronia ammophila,,,,,,,8/8/2005,  ,0,  ,1597,1597,1597,11/28/2005,  ,  
Aletes humilis,,,,G2G3,S2S3,Y,6/27/1988,  ,0,  ,395,395,395,8/1/1991,  ,0
Lomatium latilobum,yes,,,G1G2,S1,Y,6/23/2010,11/18/2010,42,  ,42,0,42,2/3/2012,  ,0
Lomatium latilobum,yes,,,G1G2,S1,Y,6/23/2010,11/18/2010,64,  ,64,0,64,2/3/2012,  ,0
Lomatium latilobum,yes,,,G1G2,S1,Y,6/23/2010,11/18/2010,194,  ,64,-130,194,2/3/2012,9,10
Lomatium latilobum,yes,,,G1G2,S1,Y,6/23/2010,11/18/2010,68,  ,68,0,68,2/3/2012,  ,0
Lomatium latilobum,yes,,,G1G2,S1,Y,6/23/2010,11/18/2010,160,  ,144,-16,160,2/3/2012,6,10
Lomatium latilobum,yes,,,G1G2,S1,Y,6/23/2010,11/18/2010,221,  ,199,-22,221,2/3/2012,10,12
Aquilegia micrantha,,,,,,,  ,  ,2484,  ,0,-2484,2484,  ,  ,2484
Astragalus debequaeus,yes,,,G2,S2,Y,7/25/2011,10/14/2011,29,13,29,0,29,2/3/2012,  ,0
Astragalus debequaeus,yes,,,G2,S2,Y,7/25/2011,10/14/2011,38,26,38,0,38,2/3/2012,  ,0
Astragalus debequaeus,yes,,,G2,S2,Y,7/25/2011,10/14/2011,11,4,11,0,11,2/3/2012,  ,0
Astragalus linifolius,yes,,,G3Q,S3,Y,7/14/1987,  ,0,  ,696,696,696,8/1/1991,  ,0
Astragalus microcymbus,yes,,C,G1,S1,Y,7/8/1988,  ,0,  ,85,85,85,8/1/1991,60,0
Astragalus microcymbus,yes,,C,G1,S1,Y,8/12/2008,  ,0,  ,220,220,220,9/24/2008,200,30
Astragalus microcymbus,yes,,C,G1,S1,Y,7/15/2014,  ,3,3,0,-3,3,  ,  ,  
Astragalus microcymbus,yes,,C,G1,S1,Y,7/17/2014,  ,1,1,0,-1,1,  ,  ,  
Astragalus microcymbus,yes,,C,G1,S1,Y,7/15/2014,  ,0,2,0,0,0,  ,  ,  
Astragalus microcymbus,yes,,C,G1,S1,Y,7/16/2014,  ,0,3,0,0,0,  ,  ,  
Astragalus microcymbus,yes,,C,G1,S1,Y,8/5/2014,  ,49,4,0,-49,49,  ,  ,  
Astragalus microcymbus,yes,,C,G1,S1,Y,8/7/2014,  ,19,4,0,-19,19,  ,  ,  
Astragalus microcymbus,yes,,C,G1,S1,Y,8/5/2014,  ,1,1,0,-1,1,  ,  ,  
Astragalus microcymbus,yes,,C,G1,S1,Y,8/5/2014,  ,10,2,0,-10,10,  ,  ,  
Astragalus naturitensis,yes,,,G2G3,S2S3,Y,6/13/2011,11/21/2011,87,8,87,0,87,2/3/2012,  ,0
Astragalus naturitensis,yes,,,G2G3,S2S3,Y,7/25/2011,10/14/2011,31,3,31,0,31,2/3/2012,  ,0
Astragalus osterhoutii,,,LE,G1,S1,Y,8/22/2013,  ,1900,0,0,-1900,1900,  ,  ,1900
Astragalus osterhoutii,,,LE,G1,S1,Y,8/14/1987,  ,0,  ,200,200,200,8/1/1991,  ,0
Astragalus osterhoutii,,,LE,G1,S1,Y,8/28/1992,  ,0,  ,352,352,352,9/1/1992,  ,0
Astragalus osterhoutii,,,LE,G1,S1,Y,8/28/1992,  ,0,  ,1005,1005,1005,9/1/1992,  ,0
Astragalus osterhoutii,,,LE,G1,S1,Y,8/28/1992,  ,0,  ,1403,1403,1403,9/1/1992,  ,0
Astragalus proximus,,yes,,G4,S2,Y,7/13/2011,0000-00-00,0,  ,0,0,0,  ,  ,  
Astragalus ripleyi,yes,yes,,G3,S2,Y,7/28/2012,1/10/2013,309,14,278,-31,309,2/21/2013,  ,30
Astragalus schmolliae,,,C,G1,S1,Y,7/1/1991,  ,0,  ,2698,2698,2698,9/1/1992,  ,0
Arabis fecunda,,,,,,,5/28/1992,  ,0,  ,1560,1560,1560,7/1/1992,  ,0
Arabis fecunda,,,,,,,6/6/1992,  ,0,  ,1401,1401,1401,7/1/1992,  ,0
Arabis fecunda,,,,,,,6/6/1992,  ,0,  ,1840,1840,1840,7/1/1992,  ,0
Arabis fecunda,,,,,,,6/17/1992,  ,0,  ,1070,1070,1070,7/1/1992,  ,0
Arabis fecunda,,,,,,,6/17/1992,  ,0,  ,234,234,234,7/1/1992,  ,0
Arabis fecunda,,,,,,,6/17/1992,  ,0,  ,1200,1200,1200,7/1/1992,  ,0
Arabis pusilla,,,C,,,,7/8/2011,3/8/2012,4100,400,3690,-410,4100,2/21/2013,  ,410
Castilleja christii,,,,,,,8/12/1992,2/5/2014,0,  ,10273,10273,10273,9/1/1992,  ,0
Cirsium ownbeyi,,,,G3,S2,Y,8/27/1988,  ,0,  ,30,30,30,8/1/1991,  ,0
Corispermum americanum,,,,,,,10/15/2013,  ,0,20,0,0,0,  ,  ,  
Corispermum navicula,yes,,,G1?,S1,Y,10/3/2008,  ,12206,  ,5000,-7206,12206,10/31/2008,  ,7206
Corispermum navicula,yes,,,G1?,S1,Y,10/14/2009,  ,0,  ,0,0,0,  ,  ,  
Corispermum navicula,yes,,,G1?,S1,Y,10/14/2009,  ,0,  ,0,0,0,  ,  ,  
Corispermum navicula,yes,,,G1?,S1,Y,10/14/2009,  ,0,  ,0,0,0,  ,  ,  
Corispermum navicula,yes,,,G1?,S1,Y,10/14/2009,  ,0,  ,0,0,0,  ,  ,  
Corispermum navicula,yes,,,G1?,S1,Y,10/14/2009,  ,0,  ,0,0,0,  ,  ,  
Corispermum navicula,yes,,,G1?,S1,Y,10/14/2009,  ,0,  ,0,0,0,  ,  ,  
Corispermum navicula,yes,,,G1?,S1,Y,10/14/2009,  ,0,  ,0,0,0,  ,  ,  
Corispermum navicula,yes,,,G1?,S1,Y,10/14/2009,  ,0,  ,0,0,0,  ,  ,  
Corispermum navicula,yes,,,G1?,S1,Y,10/14/2009,  ,0,  ,0,0,0,  ,  ,  
Corispermum navicula,yes,,,G1?,S1,Y,10/14/2009,  ,0,  ,0,0,0,  ,  ,  
Corispermum navicula,yes,,,G1?,S1,Y,10/14/2009,  ,0,  ,0,0,0,  ,  ,  
Corispermum navicula,yes,,,G1?,S1,Y,10/14/2009,  ,0,  ,0,0,0,  ,  ,  
Corispermum navicula,yes,,,G1?,S1,Y,10/14/2009,  ,0,  ,0,0,0,  ,  ,  
Corispermum navicula,yes,,,G1?,S1,Y,10/14/2009,  ,0,  ,0,0,0,  ,  ,  
Corispermum navicula,yes,,,G1?,S1,Y,10/14/2009,  ,0,  ,0,0,0,  ,  ,  
Corispermum navicula,yes,,,G1?,S1,Y,10/14/2009,  ,0,  ,0,0,0,  ,  ,  
Corispermum navicula,yes,,,G1?,S1,Y,10/14/2009,  ,0,  ,0,0,0,  ,  ,  
Corispermum navicula,yes,,,G1?,S1,Y,10/14/2009,  ,0,  ,0,0,0,  ,  ,  
Corispermum navicula,yes,,,G1?,S1,Y,10/14/2009,  ,0,  ,0,0,0,  ,  ,  
Corispermum navicula,yes,,,G1?,S1,Y,10/14/2009,  ,0,  ,0,0,0,  ,  ,  
Corispermum navicula,yes,,,G1?,S1,Y,9/4/2014,  ,0,30,0,0,0,  ,  ,  
Corispermum navicula,yes,,,G1?,S1,Y,9/4/2014,  ,0,30,0,0,0,  ,  ,  
Corispermum sp.,no,no,,,,,9/23/2013,  ,0,2,0,0,0,  ,  ,  
Corispermum sp.,no,no,,,,,9/23/2013,  ,0,3,0,0,0,  ,  ,  
Corispermum sp.,no,no,,,,,9/24/2013,  ,0,2,0,0,0,  ,  ,  
Corispermum sp.,no,no,,,,,9/24/2013,  ,0,3,0,0,0,  ,  ,  
Corispermum sp.,no,no,,,,,9/24/2013,  ,0,4,0,0,0,  ,  ,  
Corispermum sp.,no,no,,,,,9/24/2013,  ,0,2,0,0,0,  ,  ,  
Corispermum sp.,no,no,,,,,9/24/2013,  ,0,3,0,0,0,  ,  ,  
Corispermum sp.,no,no,,,,,9/24/2013,  ,0,1,0,0,0,  ,  ,  
Corispermum sp.,no,no,,,,,9/24/2013,  ,0,1,0,0,0,  ,  ,  
Corispermum sp.,no,no,,,,,9/24/2013,  ,0,1,0,0,0,  ,  ,  
Corispermum sp.,no,no,,,,,10/2/2013,  ,0,13,0,0,0,  ,  ,  
Corispermum sp.,no,no,,,,,9/4/2014,  ,0,10,0,0,0,  ,  ,  
Corispermum sp.,no,no,,,,,9/5/2014,  ,0,20,0,0,0,  ,  ,  
Corispermum villosum,,,,,,,10/14/2013,  ,0,20,0,0,0,  ,  ,  
Corispermum villosum,,,,,,,10/14/2013,  ,0,20,0,0,0,  ,  ,  
Dalea purpurea,,,,,,,1996,  ,0,  ,1785,1785,1785,11/6/1996,  ,  
Descurainia incana ssp. incana,,yes,,,,,7/22/1992,2/5/2014,0,  ,110,110,110,8/1/1992,  ,0
Draba asterophora var. asterophora,,,,,,,1/9/2006,  ,0,  ,2300,2300,2300,1/9/2006,  ,0
Draba burkei,,,,,,,8/17/1999,  ,0,  ,4869,4869,4869,6/5/2001,  ,0
Draba burkei,,,,,,,8/18/1999,  ,0,  ,693,693,693,6/5/2001,  ,0
Draba burkei,,,,,,,8/18/1999,  ,0,  ,1454,1454,1454,6/5/2001,  ,0
Epipactis gigantea,,,,G4,S1S2,Y,1/1/2009,  ,0,  ,0,0,0,  ,  ,0
Erigeron kachinensis,yes,,,G2,S1,Y,7/9/1988,  ,0,  ,600,600,600,8/1/1991,  ,0
Eriogonum brandegeei,yes,yes,,G1G2,S1S2,Y,9/16/2010,8/30/2012,1228,108,1106,-122,1228,2/21/2013,  ,122
Eriogonum brandegeei,yes,yes,,G1G2,S1S2,Y,9/16/2010,8/30/2012,170,43,153,-17,170,2/21/2013,  ,17
Eriogonum pelinophilum,,,LE,G2,S2,Y,9/16/2009,6/26/2012,483,120,197,-286,483,2/21/2013,226,60
Eriogonum pelinophilum,,,LE,G2,S2,Y,8/6/1988,  ,0,  ,68,68,68,8/1/1991,  ,0
Eutrema penlandii,,,LT,G4T1T2,S1S2,Y,8/18/2010,11/18/2010,130,  ,117,-13,130,2/3/2012,  ,13
Eutrema penlandii,,,LT,G4T1T2,S1S2,Y,8/18/2010,11/18/2010,516,  ,464,-52,516,2/3/2012,  ,52
Eutrema penlandii,,,LT,G4T1T2,S1S2,Y,8/2/2012,1/10/2013,400,66,390,-10,400,2/21/2013,  ,10
Eutrema penlandii,,,LT,G4T1T2,S1S2,Y,8/2/2012,1/10/2013,310,70,279,-31,310,2/21/2013,  ,31
Eutrema penlandii,,,LT,G4T1T2,S1S2,Y,8/3/2012,1/10/2013,100,36,90,-10,100,2/21/2013,  ,10
Eutrema penlandii,,,LT,G4T1T2,S1S2,Y,8/13/1988,  ,0,  ,280,280,280,8/1/1991,  ,0
Fraxinus anomala,,,,,,,2009,  ,1348,  ,0,-1348,1348,  ,  ,1348
Gaura neomexicana ssp. coloradensis,no,no,LT,G3T2,S1,Y,8/12/2010,11/18/2010,102,  ,47,-55,102,2/3/2012,42,13
Gaura neomexicana ssp. coloradensis,no,no,LT,G3T2,S1,Y,8/12/2010,11/18/2010,132,  ,77,-55,132,2/3/2012,40,15
Gaura neomexicana ssp. coloradensis,no,no,LT,G3T2,S1,Y,9/20/2011,10/14/2011,103,  ,48,-55,103,2/3/2012,40,15
Gaura neomexicana ssp. coloradensis,no,no,LT,G3T2,S1,Y,9/20/2011,10/14/2011,182,36,127,-55,182,2/3/2012,39,16
Gaura neomexicana ssp. coloradensis,no,no,LT,G3T2,S1,Y,9/20/2011,10/14/2011,349,50,244,-105,349,2/3/2012,94,11
Gaura neomexicana ssp. coloradensis,no,no,LT,G3T2,S1,Y,9/20/2011,10/14/2011,41,5,41,0,41,2/3/2012,  ,0
Ipomopsis polyantha,yes,,LE,G1,S1,Y,7/24/2012,1/10/2013,59,  ,49,-10,59,2/21/2013,  ,10
Ipomopsis polyantha,yes,,LE,G1,S1,Y,7/25/2012,1/10/2013,72,  ,62,-10,72,2/21/2013,  ,10
Ipomopsis polyantha,yes,,LE,G1,S1,Y,7/25/2012,1/10/2013,69,  ,59,-10,69,2/21/2013,  ,10
Ipomopsis polyantha,yes,,LE,G1,S1,Y,7/25/2012,1/10/2013,34,  ,34,0,34,2/21/2013,  ,0
Lepidium barnebyanum,,,LE,,,,7/1/1991,  ,0,  ,788,788,788,9/1/1991,  ,0
Lepidium barnebyanum,,,LE,,,,7/1/1991,  ,0,  ,942,942,942,9/1/1991,  ,0
Lepidium barnebyanum,,,LE,,,,7/1/1991,  ,0,  ,1036,1036,1036,9/1/1991,  ,0
Lepidium barnebyanum,,,LE,,,,7/1/1991,  ,0,  ,2756,2756,2756,9/1/1991,  ,0
Lesquerella congesta,,,LT,G1,S1,Y,6/23/2010,11/18/2010,553,  ,477,-76,553,2/3/2012,44,32
Lesquerella congesta,,,LT,G1,S1,Y,7/6/2010,11/18/2010,205,24,184,-21,205,2/3/2012,  ,21
Lesquerella congesta,,,LT,G1,S1,Y,7/6/2010,11/18/2010,16,20,16,0,16,2/3/2012,  ,0
Lesquerella congesta,,,LT,G1,S1,Y,7/7/2010,11/18/2010,136,30,123,-13,136,2/3/2012,  ,13
Lesquerella congesta,,,LT,G1,S1,Y,6/14/2011,8/30/2012,160,60,144,-16,160,2/21/2013,  ,16
Lesquerella congesta,,,LT,G1,S1,Y,6/22/2011,11/21/2011,50,  ,50,0,50,2/3/2012,  ,0
Lesquerella congesta,,,LT,G1,S1,Y,6/22/2011,11/21/2011,367,  ,291,-76,367,2/3/2012,59,17
Lesquerella congesta,,,LT,G1,S1,Y,6/22/2011,11/21/2011,105,  ,105,0,105,2/3/2012,  ,0
Lesquerella congesta,,,LT,G1,S1,Y,6/22/2011,11/21/2011,20,  ,20,0,20,2/3/2012,  ,0
Lesquerella congesta,,,LT,G1,S1,Y,6/23/2011,11/21/2011,241,  ,165,-76,241,2/3/2012,46,30
Lesquerella congesta,,,LT,G1,S1,Y,6/23/2011,11/21/2011,139,  ,125,-14,139,2/3/2012,  ,14
Lesquerella congesta,,,LT,G1,S1,Y,6/23/2011,11/21/2011,72,  ,72,0,72,2/3/2012,  ,0
Lesquerella congesta,,,LT,G1,S1,Y,6/30/2011,8/30/2012,237,60,213,-24,237,2/21/2013,  ,24
Lesquerella congesta,,,LT,G1,S1,Y,6/30/2011,8/30/2012,134,47,121,-13,134,2/21/2013,  ,13
Lesquerella congesta,,,LT,G1,S1,Y,7/14/1987,  ,0,  ,608,608,608,8/1/1991,  ,0
Lesquerella parviflora,yes,,,G2,S2,Y,7/14/1987,  ,0,  ,613,613,613,8/1/1991,  ,0
Lesquerella parviflora,yes,,,G2,S2,Y,8/2/2011,9/14/2011,5,3,5,0,5,2/3/2012,  ,0
Lesquerella parviflora,yes,,,G2,S2,Y,8/2/2011,9/14/2011,8,5,8,0,8,2/3/2012,  ,0
Lesquerella parviflora,yes,,,G2,S2,Y,8/2/2011,9/14/2011,32,12,32,0,32,2/3/2012,  ,0
Lesquerella parviflora,yes,,,G2,S2,Y,8/2/2011,9/14/2011,70,19,70,0,70,2/3/2012,  ,0
Lesquerella parviflora,yes,,,G2,S2,Y,8/2/2011,9/14/2011,279,37,252,-27,279,2/3/2012,  ,27
Lesquerella parviflora,yes,,,G2,S2,Y,8/2/2011,9/14/2011,306,20,276,-30,306,2/3/2012,  ,30
Lesquerella parviflora,yes,,,G2,S2,Y,8/3/2011,9/14/2011,20,8,20,0,20,2/3/2012,  ,0
Lupinus crassus,yes,,,G2,S2,Y,6/29/2010,11/18/2010,100,  ,65,-35,100,2/3/2012,25,10
Lupinus crassus,yes,,,G2,S2,Y,6/30/2010,11/18/2010,8,  ,8,0,8,2/3/2012,  ,0
Lupinus crassus,yes,,,G2,S2,Y,6/30/2010,11/18/2010,18,  ,18,0,18,2/3/2012,  ,0
Lupinus crassus,yes,,,G2,S2,Y,6/30/2010,11/18/2010,37,  ,37,0,37,2/3/2012,  ,0
Lygodesmia doloresensis,yes,,,G1G2,S1S2,Y,6/26/1988,  ,0,  ,490,490,490,8/1/1991,  ,0
Machaeranthera coloradoensis,,yes,,G3,S3,Y,8/30/2011,0000-00-00,510,  ,0,-510,510,  ,  ,510
Mentzelia densa,yes,,,G2,S2,Y,8/3/2009,1/10/2013,2025,  ,1825,-200,2025,2/21/2013,  ,200
Mentzelia densa,yes,,,G2,S2,Y,8/9/2009,6/26/2012,4000,  ,3975,-25,4000,2/21/2013,25,0
Mentzelia densa,yes,,,G2,S2,Y,9/9/1987,  ,0,  ,600,600,600,8/1/1991,  ,0
Mentzelia densa,yes,,,G2,S2,Y,  ,  ,0,  ,560,560,560,8/1/1991,  ,0
Mirabilis rotundifolia,,,,G2,S2,Y,7/3/1987,  ,0,  ,302,302,302,8/1/1991,  ,0
Penstemon debilis,yes,,LT,G1,S1,Y,9/15/2008,8/30/2012,1165,  ,940,-225,1165,2/21/2013,125,100
Penstemon debilis,yes,,LT,G1,S1,Y,9/15/2008,8/30/2012,1020,55,916,-104,1020,2/21/2013,  ,101
Penstemon debilis,yes,,LT,G1,S1,Y,8/11/2011,9/15/2011,307,16,0,-307,307,  ,  ,307
Penstemon debilis,yes,,LT,G1,S1,Y,8/11/2011,9/15/2011,1129,21,0,-1129,1129,  ,  ,1129
Penstemon debilis,yes,,LT,G1,S1,Y,8/11/2011,9/15/2011,500,  ,0,-500,500,  ,  ,500
Penstemon debilis,yes,,LT,G1,S1,Y,8/11/2011,9/15/2011,209,10,0,-209,209,  ,  ,209
Penstemon debilis,yes,,LT,G1,S1,Y,8/11/2011,9/15/2011,63,11,0,-63,63,  ,  ,63
Penstemon debilis,yes,,LT,G1,S1,Y,8/11/2011,9/15/2011,146,  ,0,-146,146,  ,  ,146
Penstemon debilis,yes,,LT,G1,S1,Y,8/11/2011,9/15/2011,402,15,0,-402,402,  ,  ,402
Penstemon debilis,yes,,LT,G1,S1,Y,8/11/2011,9/15/2011,156,4,0,-156,156,  ,  ,156
Penstemon debilis,yes,,LT,G1,S1,Y,8/11/2011,9/15/2011,51,2,0,-51,51,  ,  ,51
Penstemon debilis,yes,,LT,G1,S1,Y,9/23/2011,10/14/2011,926,158,0,-926,926,  ,  ,926
Penstemon debilis,yes,,LT,G1,S1,Y,9/23/2011,10/14/2011,84,9,0,-84,84,  ,  ,84
Penstemon debilis,yes,,LT,G1,S1,Y,9/23/2011,10/14/2011,563,8,0,-563,563,  ,  ,563
Penstemon debilis,yes,,LT,G1,S1,Y,9/23/2011,10/14/2011,225,63,0,-225,225,  ,  ,225
Penstemon debilis,yes,,LT,G1,S1,Y,3/1/2007,0000-00-00,0,  ,0,0,0,3/1/2007,  ,0
Penstemon degeneri,yes,yes,,G2,S2,Y,9/10/2009,8/30/2012,5620,  ,5060,-560,5620,2/21/2013,  ,560
Penstemon degeneri,yes,yes,,G2,S2,Y,9/10/2009,8/30/2012,8600,  ,8475,-125,8600,2/21/2013,125,0
Penstemon degeneri,yes,yes,,G2,S2,Y,  ,  ,0,  ,3591,3591,3591,11/1/1990,  ,0
Penstemon gibbensii,yes,,,G1G2,S1,Y,9/17/2010,2/2/2012,400,  ,360,-40,400,2/21/2013,  ,40
Penstemon gibbensii,yes,,,G1G2,S1,Y,9/18/2010,2/2/2012,225,  ,203,-22,225,2/21/2013,  ,22
Penstemon gibbensii,yes,,,G1G2,S1,Y,1/1/2009,8/30/2012,1125,  ,1000,-125,1125,2/21/2013,125,0
Penstemon gibbensii,yes,,,G1G2,S1,Y,1/1/2009,8/30/2012,2508,  ,2258,-250,2508,2/21/2013,  ,250
Penstemon gibbensii,yes,,,G1G2,S1,Y,7/23/1992,  ,0,  ,128,128,128,8/1/1992,  ,0
Penstemon harringtonii,yes,yes,,G3,S3,Y,8/23/2007,8/30/2012,561,  ,435,-126,561,2/21/2013,125,0
Penstemon harringtonii,yes,yes,,G3,S3,Y,7/29/2010,0000-00-00,7,  ,7,0,7,2/3/2012,  ,0
Penstemon harringtonii,yes,yes,,G3,S3,Y,7/29/2010,0000-00-00,174,  ,157,-17,174,2/3/2012,  ,17
Penstemon harringtonii,yes,yes,,G3,S3,Y,7/29/2010,0000-00-00,373,  ,248,-125,373,2/3/2012,125,0
Penstemon harringtonii,yes,yes,,G3,S3,Y,7/30/2010,0000-00-00,28,  ,28,0,28,2/3/2012,  ,0
Penstemon harringtonii,yes,yes,,G3,S3,Y,8/27/2010,2/2/2012,69,  ,59,-10,69,2/21/2013,  ,10
Penstemon pachyphyllus var. mucronatus,,,,,,,7/14/1987,  ,0,  ,592,592,592,8/1/1991,  ,0
Penstemon penlandii,,,LE,G1,S1,Y,8/22/2013,  ,13200,  ,0,-13200,13200,  ,300,13200
Penstemon penlandii,,,LE,G1,S1,Y,8/26/2010,0000-00-00,322,  ,290,-32,322,2/3/2012,100,32
Penstemon penlandii,,,LE,G1,S1,Y,8/26/2010,0000-00-00,73,  ,73,0,73,2/3/2012,  ,0
Penstemon penlandii,,,LE,G1,S1,Y,8/26/2010,0000-00-00,314,  ,283,-31,314,2/3/2012,  ,31
Penstemon penlandii,,,LE,G1,S1,Y,8/26/2010,0000-00-00,248,  ,223,-25,248,2/3/2012,  ,25
Penstemon penlandii,,,LE,G1,S1,Y,8/26/2010,0000-00-00,493,  ,444,-49,493,2/3/2012,100,49
Penstemon penlandii,,,LE,G1,S1,Y,8/26/2010,0000-00-00,57,  ,57,0,57,2/3/2012,57,0
Penstemon penlandii,,,LE,G1,S1,Y,8/26/2010,0000-00-00,205,  ,80,-125,205,2/3/2012,43,0
Penstemon penlandii,,,LE,G1,S1,Y,7/31/1988,  ,0,  ,877,877,877,8/1/1991,300,0
Penstemon penlandii,,,LE,G1,S1,Y,1/1/1990,  ,0,  ,2785,2785,2785,11/1/1990,300,0
Penstemon penlandii,,,LE,G1,S1,Y,1/1/1993,  ,0,  ,35667,35667,35667,6/13/1995,300,0
Penstemon penlandii,,,LE,G1,S1,Y,8/5/2015,  ,2763,65,0,-2763,2763,  ,  ,  
Penstemon scariosus var. albifluvis,yes,,,G4T1,S1,Y,7/3/1988,  ,0,  ,701,701,701,8/1/1991,  ,0
Penstemon scariosus var. albifluvis,yes,,,G4T1,S1,Y,7/20/2011,9/14/2011,442,  ,398,-44,442,2/3/2012,  ,44
Penstemon scariosus var. albifluvis,yes,,,G4T1,S1,Y,1/1/2006,  ,1150,  ,0,-1150,1150,  ,125,1025
Phacelia formosula,,,LE,G1,S1,Y,9/1/2009,6/1/2011,228,43,200,-28,228,2/21/2013,  ,28
Phacelia formosula,,,LE,G1,S1,Y,9/1/2010,6/26/2012,291,38,266,-25,291,2/21/2013,25,0
Phacelia formosula,,,LE,G1,S1,Y,8/29/2012,1/10/2013,36,1,36,0,36,2/21/2013,  ,0
Phacelia formosula,,,LE,G1,S1,Y,8/29/2012,1/10/2013,50,2,40,-10,50,2/21/2013,  ,10
Phacelia formosula,,,LE,G1,S1,Y,8/29/2012,1/10/2013,39,  ,39,0,39,2/21/2013,  ,0
Phacelia formosula,,,LE,G1,S1,Y,8/29/2012,1/10/2013,37,3,37,0,37,2/21/2013,  ,0
Phacelia formosula,,,LE,G1,S1,Y,8/29/2012,1/10/2013,62,1,52,-10,62,2/21/2013,  ,10
Phacelia formosula,,,LE,G1,S1,Y,9/6/1987,  ,0,  ,600,600,600,8/1/1991,  ,0
Phacelia formosula,,,LE,G1,S1,Y,8/26/2014,  ,67,  ,0,-67,67,  ,  ,  
Phacelia formosula,,,LE,G1,S1,Y,9/4/2014,  ,583,  ,0,-583,583,  ,  ,  
Phacelia formosula,,,LE,G1,S1,Y,9/5/2014,  ,301,  ,0,-301,301,  ,  ,  
Phacelia formosula,,,LE,G1,S1,Y,8/28/2014,  ,87,23,0,-87,87,  ,  ,  
Phacelia formosula,,,LE,G1,S1,Y,9/3/2014,  ,120,20,0,-120,120,  ,  ,  
Phacelia formosula,,,LE,G1,S1,Y,9/3/2014,  ,241,24,0,-241,241,  ,  ,  
Phacelia glandulosa,,,,,,,8/30/2011,0000-00-00,207,  ,0,-207,207,  ,  ,207
Phacelia scopulina var. submutica,yes,,LT,G2,S2,Y,6/12/2009,1/10/2013,80,  ,80,0,80,2/21/2013,  ,0
Phacelia scopulina var. submutica,yes,,LT,G2,S2,Y,6/14/2010,2/2/2012,238,  ,215,-23,238,2/21/2013,  ,23
Phacelia scopulina var. submutica,yes,,LT,G2,S2,Y,5/19/2011,2/2/2012,269,  ,163,-106,269,2/21/2013,  ,106
Physaria bellii,,,,G2G3,S2S3,Y,7/8/2008,  ,1127,54,0,-1127,1127,  ,  ,1127
Physaria bellii,,,,G2G3,S2S3,Y,7/8/2008,  ,1603,54,0,-1603,1603,  ,  ,1603
Physaria bellii,,,,G2G3,S2S3,Y,7/8/2008,  ,40,  ,0,-40,40,  ,  ,40
Physaria bellii,,,,G2G3,S2S3,Y,7/8/2008,  ,41,  ,0,-41,41,  ,  ,41
Physaria bellii,,,,G2G3,S2S3,Y,7/8/2008,  ,87,  ,0,-87,87,  ,  ,87
Physaria bellii,,,,G2G3,S2S3,Y,7/8/2008,  ,42,  ,0,-42,42,  ,  ,42
Physaria bellii,,,,G2G3,S2S3,Y,6/26/1987,  ,0,  ,569,569,569,8/1/1991,  ,0
Physaria bellii,,,,G2G3,S2S3,Y,1990,  ,0,  ,460,460,460,11/1/1990,  ,0
Physaria bellii,,,,G2G3,S2S3,Y,1990,  ,0,  ,549,549,549,11/1/1990,  ,0
Physaria obcordata,,,LT,G1G2,S1S2,Y,6/29/2010,0000-00-00,383,  ,307,-76,383,2/3/2012,47,29
Physaria obcordata,,,LT,G1G2,S1S2,Y,7/6/2010,11/18/2010,99,10,99,0,99,2/3/2012,  ,0
Physaria obcordata,,,LT,G1G2,S1S2,Y,7/6/2010,11/18/2010,239,17,163,-76,239,2/3/2012,44,32
Physaria obcordata,,,LT,G1G2,S1S2,Y,7/7/2010,11/18/2010,625,11,563,-62,625,2/3/2012,  ,62
Physaria obcordata,,,LT,G1G2,S1S2,Y,7/7/2010,11/18/2010,141,4,141,0,141,2/3/2012,  ,0
Physaria obcordata,,,LT,G1G2,S1S2,Y,7/8/2011,11/21/2011,436,  ,360,-76,436,2/3/2012,58,18
Physaria obcordata,,,LT,G1G2,S1S2,Y,7/14/2011,8/30/2012,306,50,275,-31,306,2/21/2013,  ,31
Physaria obcordata,,,LT,G1G2,S1S2,Y,7/14/2011,8/30/2012,155,50,139,-16,155,2/21/2013,  ,16
Physaria obcordata,,,LT,G1G2,S1S2,Y,6/28/2012,2/12/2013,99,25,89,-10,99,2/21/2013,  ,10
Physaria obcordata,,,LT,G1G2,S1S2,Y,7/14/1987,  ,0,  ,775,775,775,8/1/1991,  ,0
Physaria pruinosa - accepted_CNHP_state,,,,,,,  ,  ,0,  ,100,100,100,11/1/1990,  ,0
Physaria pruinosa - accepted_CNHP_state,,,,,,,  ,  ,0,  ,200,200,200,11/1/1990,  ,0
Physaria pruinosa - accepted_CNHP_state,,,,,,,  ,  ,0,  ,609,609,609,11/1/1990,  ,0
Physaria pruinosa - accepted_CNHP_state,,,,,,,  ,  ,0,  ,1018,1018,1018,11/1/1990,  ,0
Physaria scrotiformis - accepted_CNHP_state,,yes,,G1,S1,Y,8/30/2011,2/12/2013,240,  ,0,-240,240,  ,  ,24
Ptilagrostis porteri,,yes,,G2,S2,Y,8/21/2012,8/30/2012,195,200,165,-30,195,2/21/2013,  ,30
Sclerocactus glaucus,,,LT,G2G3,S2S3,Y,8/26/2009,1/10/2013,106,  ,96,-10,106,2/21/2013,  ,10
Sclerocactus glaucus,,,LT,G2G3,S2S3,Y,8/26/2009,1/10/2013,15,  ,15,0,15,2/21/2013,  ,0
Sclerocactus glaucus,,,LT,G2G3,S2S3,Y,8/28/2009,6/26/2012,330,  ,305,-25,330,2/21/2013,25,0
Sclerocactus glaucus,,,LT,G2G3,S2S3,Y,7/25/2011,9/14/2011,110,35,100,-10,110,2/3/2012,  ,10
Sclerocactus glaucus,,,LT,G2G3,S2S3,Y,7/26/2011,0000-00-00,35,  ,0,-35,35,  ,  ,35
Sclerocactus glaucus,,,LT,G2G3,S2S3,Y,7/26/2011,0000-00-00,37,  ,0,-37,37,  ,  ,37
Sclerocactus glaucus,,,LT,G2G3,S2S3,Y,7/26/2011,0000-00-00,33,  ,0,-33,33,  ,  ,33
Sclerocactus glaucus,,,LT,G2G3,S2S3,Y,7/26/2011,0000-00-00,31,  ,0,-31,31,  ,  ,31
Sclerocactus glaucus,,,LT,G2G3,S2S3,Y,7/26/2011,0000-00-00,7,  ,0,-7,7,  ,  ,7
Sclerocactus glaucus,,,LT,G2G3,S2S3,Y,7/26/2011,0000-00-00,5,  ,0,-5,5,  ,  ,5
Sclerocactus glaucus,,,LT,G2G3,S2S3,Y,7/26/2011,0000-00-00,17,  ,0,-17,17,  ,  ,17
Sclerocactus glaucus,,,LT,G2G3,S2S3,Y,7/26/2011,9/14/2011,99,3,99,0,99,2/3/2012,  ,0
Sclerocactus glaucus,,,LT,G2G3,S2S3,Y,7/26/2011,9/14/2011,250,9,225,-25,250,2/3/2012,  ,25
Sclerocactus glaucus,,,LT,G2G3,S2S3,Y,7/26/2011,9/14/2011,103,5,103,0,103,2/3/2012,  ,0
Sclerocactus glaucus,,,LT,G2G3,S2S3,Y,6/3/2013,  ,101,15,0,-101,101,  ,  ,101
Sclerocactus glaucus,,,LT,G2G3,S2S3,Y,1/1/2009,1/10/2013,14,  ,14,0,14,2/21/2013,  ,0
Sclerocactus glaucus,,,LT,G2G3,S2S3,Y,  ,  ,113,  ,0,-113,113,  ,20,0
Sclerocactus glaucus,,,LT,G2G3,S2S3,Y,  ,  ,107,  ,0,-107,107,  ,  ,0
Sclerocactus glaucus,,,LT,G2G3,S2S3,Y,  ,  ,107,  ,0,-107,107,  ,  ,0
Sclerocactus glaucus,,,LT,G2G3,S2S3,Y,  ,  ,107,  ,0,-107,107,  ,  ,0
Sclerocactus glaucus,,,LT,G2G3,S2S3,Y,  ,  ,98,  ,0,-98,98,  ,  ,0
Sclerocactus glaucus,,,LT,G2G3,S2S3,Y,  ,  ,91,  ,0,-91,91,  ,20,0
Sclerocactus glaucus,,,LT,G2G3,S2S3,Y,  ,  ,98,  ,0,-98,98,  ,20,0
Sclerocactus glaucus,,,LT,G2G3,S2S3,Y,6/16/2014,  ,100,10,0,-100,100,  ,  ,  
Sclerocactus glaucus,,,LT,G2G3,S2S3,Y,6/17/2014,  ,200,20,0,-200,200,  ,  ,  
Sclerocactus glaucus,,,LT,G2G3,S2S3,Y,6/18/2014,  ,135,14,0,-135,135,  ,  ,  
Sclerocactus glaucus,,,LT,G2G3,S2S3,Y,6/18/2014,  ,200,20,0,-200,200,  ,  ,  
Sclerocactus parviflorus,,,,,,,  ,  ,167,  ,0,-167,167,  ,20,0
Sclerocactus parviflorus,,,,,,,  ,  ,99,  ,0,-99,99,  ,20,0
Sclerocactus parviflorus,,,,,,,  ,  ,117,  ,0,-117,117,  ,20,0
Thalictrum heliophilum,yes,yes,,G2,S2,Y,9/23/2011,10/14/2011,134,  ,121,-13,134,2/3/2012,  ,13
Thalictrum heliophilum,yes,yes,,G2,S2,Y,9/2/1987,  ,0,  ,600,600,600,8/1/1991,  ,0
Townsendia rothrockii,,,,G2G3,S2S3,Y,8/30/2011,2/12/2013,550,  ,0,-550,550,  ,  ,55
Astragalus anisus,yes,,,G2G3,S2S3,Y,7/17/2014,  ,667,0,0,-667,667,  ,  ,  
Physaria rollinsii,,,,G1,S1,Y,7/17/2014,  ,210,0,0,-210,210,  ,  ,  
Phacelia,,,,,,,8/26/2014,  ,27,2,0,-27,27,  ,  ,  
,,,,,,,,,,,,,,,,
